source_path	destination_path	type	mode	mtime_ns	size	sha256	symlink_target	action	classification	reason	encoded
.bug-confirmation-prompt.md	.bug-confirmation-prompt.md	file	0664	1775721967137718351	11620	9d380ab767752d19d0abb2f998f2bc0f0a3423b6a76b660adfeaacb440f0cb3b		copy	run-evidence		
.harness-gen-prompt.md	.harness-gen-prompt.md	file	0664	1775460478321340875	7939	4f3970756b7736bea9dee663bacc67ef4703a7f64f631c134c72bd2e9ef9242d		copy	run-evidence		
.prompt-extra.md	.prompt-extra.md	file	0664	1775720986370785067	7140	9172d6749b24697f69763abeb536fe96da44d7a4d57ea692b5ef152b404ad23d		copy	run-evidence		
.prompt.md	.prompt.md	file	0664	1775440672460841860	8875	743ec7153c4a3205be8bc9762f99ce0edd58cb1376269e1d772e616bd9503b7b		copy	run-evidence		
.spec-gen-prompt.md	.spec-gen-prompt.md	file	0664	1775457175742500648	9261	86d46d53b979b728b80cfe1cd7f02194427efb596372e2f606c9b97934b1791e		copy	run-evidence		
.spec-validation-prompt.md	.spec-validation-prompt.md	file	0664	1775473321206493352	8011	cf383b084acc274dd0fb37ace2129c8619a126dc40f97680d21139c47fbd5f07		copy	run-evidence		
.specula-output		symlink	0777	1775397393135161626	1	cdb4ee2aea69cc6a83331bbe96dc2caa9a299d21329efb0336fc02a82e1839a8	.	reference	symlink-reference	relative-symlink-not-materialized	
agent.log	agent.log	file	0664	1775442046374936961	1798	dd78d177325268115dbae1311edb94144d5e5cb418fe211e6d10fc9dfa574087		copy	run-evidence		
agent.pid		file	0664	1775440672461841878	7	dd614505bd946e3e351e1bc0db630ed758ae8f78b3c5d160db7d8fe0225212ab		exclude	non-evidence	ephemeral-process-id	
agent.raw.json	agent.raw.json	file	0664	1775442046084931275	3028	cdba37bb7adae9368c99b8236ad3900eabe203fa068dd920403c0350b427269c		copy	run-evidence		
agent.usage.json	agent.usage.json	file	0664	1775442046399937451	1269	3e7bd89752166ed5bdbf1a61c9eac61016c33171b4aef41b4475880dc5eedbe9		copy	run-evidence		
analysis-report.md	analysis-report.md	file	0664	1778765378721318728	26313	0e43d748a78fe074bc11d72f1c07074d386755c8e42594a273761f094cc377b9		copy	run-evidence		
artifact	.record/source-snapshots/artifact.tar	directory	0775	1775018447674514133	0	02e4ff1ea007f5041fe2f527b959c037cbaf01c297224bc17207c54fa143d08c		snapshot	source-snapshot	non-git-source-snapshot	"{""codec"": ""zstd"", ""codec_version"": ""1.5.5"", ""content_entries"": 1, ""content_id"": ""sha256:02e4ff1ea007f5041fe2f527b959c037cbaf01c297224bc17207c54fa143d08c"", ""content_manifest"": "".record/source-snapshots/artifact.tar.files.tsv"", ""content_manifest_bytes"": 114, ""content_manifest_sha256"": ""ccaddcc495ada4d934ea706d5ccb222ce7cb91fe07ae4719274f28908fd97453"", ""encoded_bytes"": 23, ""encoded_sha256"": ""ef077a15315f941a8fc5700796762259eb286177402b33c31d5bddc62df4a397"", ""parts"": [{""bytes"": 23, ""path"": ""artifact.tar.zst"", ""sha256"": ""ef077a15315f941a8fc5700796762259eb286177402b33c31d5bddc62df4a397""}], ""tar_bytes"": 10240, ""tar_sha256"": ""84ff92691f909a05b224e1c56abb4864f01b4f8e3c854e4bb4c7baf1d3f6d652""}"
artifact/sonic-linkmgrd	.record/source-snapshots/artifact-sonic-linkmgrd-e9d63054242d.tar	directory	0775	1775722731884848247	72502887	bb84ddfb7d08d66329d3272f3b2bbc6231df0fc1f7710d366130e668deed906f		snapshot	source-snapshot	non-git-source-snapshot	"{""codec"": ""zstd"", ""codec_version"": ""1.5.5"", ""content_entries"": 362, ""content_id"": ""sha256:bb84ddfb7d08d66329d3272f3b2bbc6231df0fc1f7710d366130e668deed906f"", ""content_manifest"": "".record/source-snapshots/artifact-sonic-linkmgrd-e9d63054242d.tar.files.tsv"", ""content_manifest_bytes"": 45633, ""content_manifest_sha256"": ""4787c98230b63a8356c9e722a3f661545d1c446459b9ee420993a4f4b6bbf623"", ""encoded_bytes"": 7799621, ""encoded_sha256"": ""87ac4098893e117c5219ef8473f3a01f3c353221f135e68b92ab0bbc326bdd9b"", ""parts"": [{""bytes"": 7799621, ""path"": ""artifact-sonic-linkmgrd-e9d63054242d.tar.zst"", ""sha256"": ""87ac4098893e117c5219ef8473f3a01f3c353221f135e68b92ab0bbc326bdd9b""}], ""tar_bytes"": 73062400, ""tar_sha256"": ""5323257e9088e8edd5448551b3c89c5489b2b0a3e81405f467ac6e12ec7bc75e""}"
bug-confirmation.log	bug-confirmation.log	file	0664	1775723103346693477	1775	40f5ec2c6d4d7c6be53a268c3a7fd37f2659c5a804e8824e89d4bc608f69aea1		copy	run-evidence		
bug-confirmation.pid		file	0664	1775721967139718387	8	9266c73339a6fc1887943be21c64d6dd9745ff7ed86bb687da00e0b81c4d666a		exclude	non-evidence	ephemeral-process-id	
bug-confirmation.raw.json	bug-confirmation.raw.json	file	0664	1775723103101688984	2989	463db122e5f9da5a4df47a9e808a20e97436b530bbf89fbdeba701ae74d53955		copy	run-evidence		
bug-confirmation.usage.json	bug-confirmation.usage.json	file	0664	1775723103371693936	1260	554d2dc0b8fea0569a8ef2ce9196ac54bddd1c1fcc198428132570aa3dca8efb		copy	run-evidence		
harness	harness	directory	0775	1778765378722318746				mkdir	run-directory		
harness-gen.log	harness-gen.log	file	0664	1775461722624701000	43	1fdd24015275c47f446282c4290fbe8329a8872bda38e3725aa3061134596af3		copy	run-evidence		
harness-gen.pid		file	0664	1775460478323340912	7	97da07a5d4c9886d04ef91cac1c4d7eee4f52c3d531f1eedadfd0226b7f1ea7f		exclude	non-evidence	ephemeral-process-id	
harness-gen.raw.json	harness-gen.raw.json	file	0664	1775461722320695248	1244	286629b1927cf163dc3a2783b078a1993afc65e552ec64685c983fa2c55f267c		copy	run-evidence		
harness-gen.usage.json	harness-gen.usage.json	file	0664	1775461722653701549	1273	a37aea71f47732901bf908466dae5e9c45d62e9c5e42ced14ed8f37c3ee1e60e		copy	run-evidence		
harness/INSTRUMENTATION.md	harness/INSTRUMENTATION.md	file	0664	1778765378722318746	4721	fdb43fc4310d03c440aeff71438506f229e81d2b9d89d83be5a0355f21afacc6		copy	run-evidence		
harness/apply.sh	harness/apply.sh	file	0775	1778765378722318746	1421	1017aa637f675db14cfa7f133e3458c838c27dc4c2d6a77d69ba037d14573494		copy	run-evidence		
harness/patches	harness/patches	directory	0775	1778765378722318746				mkdir	run-directory		
harness/patches/instrumentation.patch	harness/patches/instrumentation.patch	file	0664	1778765378722318746	8752	cc5238d57ad12ab24305875464d7e46e726d09db11b8c7b6318640b6dff4af41		copy	run-evidence		
harness/run.sh	harness/run.sh	file	0775	1778765378722318746	5738	41fcdfd463df514709d6ef984e8aa50c6564c2a3fc2e34fb1f245496fe271406		copy	run-evidence		
harness/src	harness/src	directory	0775	1778765378722318746				mkdir	run-directory		
harness/src/tla_trace.h	harness/src/tla_trace.h	file	0664	1778765378722318746	15780	1ab2f11a58a05d18e885f2fe685a0bc32d3c7c13f5b911e15511816060dc2c52		copy	run-evidence		
harness/stubs	harness/stubs	directory	0775	1778765378722318746				mkdir	run-directory		
harness/stubs/swss	harness/stubs/swss	directory	0775	1778765378723318764				mkdir	run-directory		
harness/stubs/swss/dbconnector.h	harness/stubs/swss/dbconnector.h	file	0664	1778765378722318746	217	95914663d57f2342f926ad714979e449e9f14aa6caa734197cbded9dda34e77f		copy	run-evidence		
harness/stubs/swss/linkcache.h	harness/stubs/swss/linkcache.h	file	0664	1778765378722318746	199	4aac835a7f2e9f00d5fb19b90e81d0217cea8b3bc7399f923ac428280f411e06		copy	run-evidence		
harness/stubs/swss/logger.h	harness/stubs/swss/logger.h	file	0664	1778765378722318746	684	7d02c7ae55b1241a39d55b7095d62a564f75bf3fa9a64d7f86daaed3735167b6		copy	run-evidence		
harness/stubs/swss/macaddress.h	harness/stubs/swss/macaddress.h	file	0664	1778765378722318746	284	d52153608b091b3cd4427f28ecce5b63b7522183754c9c7c48decfcdcc14b14c		copy	run-evidence		
harness/stubs/swss/netdispatcher.h	harness/stubs/swss/netdispatcher.h	file	0664	1778765378722318746	217	59b94043b4cf6bf7c08359efcc24d1e28322f57434bf57667bf7d3caaf652210		copy	run-evidence		
harness/stubs/swss/netlink.h	harness/stubs/swss/netlink.h	file	0664	1778765378722318746	192	011afafe07fe20fed67854927c665129891cfb3e58dd8cf05bf984fdc06d45af		copy	run-evidence		
harness/stubs/swss/netmsg.h	harness/stubs/swss/netmsg.h	file	0664	1778765378723318764	159	8c241eef23578e4849bbc64c73fd0c76b6ea00cc931989b8badfd011b3800293		copy	run-evidence		
harness/stubs/swss/producerstatetable.h	harness/stubs/swss/producerstatetable.h	file	0664	1778765378723318764	349	2755611cc0f8b84c80217b8f4bb421652e180420019a8cc2a9ec1c764bbf8ba9		copy	run-evidence		
harness/stubs/swss/schema.h	harness/stubs/swss/schema.h	file	0664	1778765378723318764	1348	87c8bab196752565e8608c04c7ac74437d19cc04be47c2053da227bed408d230		copy	run-evidence		
harness/stubs/swss/select.h	harness/stubs/swss/select.h	file	0664	1778765378723318764	248	cc8772317eeac10b18fec5bee55f82f557e18b8a8517c0ff834a3ab340e8c27c		copy	run-evidence		
harness/stubs/swss/subscriberstatetable.h	harness/stubs/swss/subscriberstatetable.h	file	0664	1778765378723318764	297	738297ee6a85272b9554f93d465f848894b2a34b4f20da469b5a361c2be41b90		copy	run-evidence		
harness/stubs/swss/table.h	harness/stubs/swss/table.h	file	0664	1778765378723318764	1647	ccf42d389a1fdb8a4496c2471fd1464411b874935aeec8580963558ce2c191df		copy	run-evidence		
harness/stubs/swss/warm_restart.h	harness/stubs/swss/warm_restart.h	file	0664	1778765378723318764	530	96d8179467661a3aeeae76f671cb0710b7b38c93662c5ef8cff913c7f112c6a9		copy	run-evidence		
invariants	invariants	directory	0775	1775012472998942476				mkdir	run-directory		
invariants/active_active_hld.md	invariants/active_active_hld.md	file	0664	1775012472998942476	33254	8d2ce0c0b3e11843dcd0543fda434cd9420d028bf7f30545ffcb8a5aebe06def		copy	run-evidence		
invariants/dualtor_active_standby_hld.md	invariants/dualtor_active_standby_hld.md	file	0664	1775012472998942476	42646	65f1edde6f61eaa3e0f4c3ac99817ac6e650443ba79c4da03a99a0d419ad7851		copy	run-evidence		
modeling-brief.md	modeling-brief.md	file	0664	1778765378723318764	22640	ac6d0a5ddf8f78d054679763ad170db25dec92429e4e522a03226c15072d96ea		copy	run-evidence		
pipeline-full.log	pipeline-full.log	file	0664	1775455320897990170	3620	db1678a29a1fd5e088d003f0713cd7d38323889d3b51c7236e7ef1a6332bc082		copy	run-evidence		
pipeline-phase2.log	pipeline-phase2.log	file	0664	1775536053195579701	6729	c5a41505ba41ee7e41f8299cb33aaae2867ae05898b507bce409c05a8e2d235b		copy	run-evidence		
pipeline-summary.md	pipeline-summary.md	file	0664	1778765378723318764	552	52423b8849b86a59454464c6bf0da6cbe5ad3721d13ed5d3a9895f7fff8ae436		copy	run-evidence		
pipeline.log	pipeline.log	file	0664	1775536053195579701	6729	c5a41505ba41ee7e41f8299cb33aaae2867ae05898b507bce409c05a8e2d235b		copy	run-evidence		
repro	repro	directory	0775	1778765378723318764				mkdir	run-directory		
repro/test_bug1_missing_transition_handler.cpp	repro/test_bug1_missing_transition_handler.cpp	file	0664	1778765378723318764	2437	da6b1206f3fd71929ddc064350cf8f89130c356dacae8ef6dfa2ab7232c0cedc		copy	run-evidence		
repro/test_bug3_default_route_wait.cpp	repro/test_bug3_default_route_wait.cpp	file	0664	1778765378723318764	3004	ad339743f6da2a1476d4ebbb5d1b5579723e8a78a9c24ea90af36d4932cd823e		copy	run-evidence		
spec	spec	directory	0775	1778765378725318801				mkdir	run-directory		
spec-gen.log	spec-gen.log	file	0664	1775460477869332528	1555	689872e3b4b819c8199facb2ce32a53f3f9d7f12c4b848ad6635861e187ddef2		copy	run-evidence		
spec-gen.pid		file	0664	1775457175743500665	7	ccda5713ebd64ff45f04fb5100b28564bd98cfa5196e468f66a24d9be7258689		exclude	non-evidence	ephemeral-process-id	
spec-gen.raw.json	spec-gen.raw.json	file	0664	1775460477544326532	2760	6350565e962eb39315845748c8ecd8aa68191fc41429f6f8533254c1f401952a		copy	run-evidence		
spec-gen.usage.json	spec-gen.usage.json	file	0664	1775460477895333008	1252	29d5fa50e361974dc4dd78df1449713a595136f081e5ab00cc3db5f810134c15		copy	run-evidence		
spec-validation.log	spec-validation.log	file	0664	1775479396853002332	214	eabcd042f3d00d34b63311ece6780ea3fe6f9b7a1f24fb5191aadd79fe45497e		copy	run-evidence		
spec-validation.pid		file	0664	1775473321207493369	7	6fd7f4b6b8779d13d577722ff08acd6529255c66dc339352d9fbd9454ed7b7d0		exclude	non-evidence	ephemeral-process-id	
spec-validation.raw.json	spec-validation.raw.json	file	0664	1775479396525995997	1382	725d711d10d972bd5309fc434e2ce99aebab3e5724201975f749187de376a755		copy	run-evidence		
spec-validation.usage.json	spec-validation.usage.json	file	0664	1775479396894003126	1239	afad0d81d5f1a9e6053165d999396b1aa272be83227ca7ae773fa843bf1a3674		copy	run-evidence		
spec/MC.cfg	spec/MC.cfg	file	0664	1778765378723318764	1017	cc48751c77aba38a6a23aa607b3b30662d786cae27554c26e939b726bb657c84		copy	run-evidence		
spec/MC.tla	spec/MC.tla	file	0664	1778765378723318764	6825	84a82123cbe89fb7cbce70cbbde42984f61555ea304ecd852adbeb2919266e3b		copy	run-evidence		
spec/MC_hunt_family1.cfg	spec/MC_hunt_family1.cfg	file	0664	1778765378724318782	576	b036f7746bb17b3169845bebbef7ee5a3e0b246f3e704f0b6d0737de0887cf25		copy	run-evidence		
spec/MC_hunt_family2.cfg	spec/MC_hunt_family2.cfg	file	0664	1778765378724318782	592	7444e01166bd952b342b824123f3425fe5a8756be4d981eb0cedf046f7925c3c		copy	run-evidence		
spec/MC_hunt_family3.cfg	spec/MC_hunt_family3.cfg	file	0664	1778765378724318782	618	356deef478bdc52112cdae0762fbd3ff10b51a06fea9e56ebba155a5236aef4c		copy	run-evidence		
spec/MC_hunt_family4.cfg	spec/MC_hunt_family4.cfg	file	0664	1778765378724318782	627	b1d372fcacbb8c75595ae3f201fe819a8efe73d3445c772af9fc94b40a3ca95c		copy	run-evidence		
spec/MC_hunt_family5.cfg	spec/MC_hunt_family5.cfg	file	0664	1778765378724318782	557	afc12375a5d22d981209534aa4834f7f79decf236f34218c431f0ab6dbc525d8		copy	run-evidence		
spec/Trace.cfg	spec/Trace.cfg	file	0664	1778765378724318782	292	6683383e5668ce5eae6284a25234323125a7dfcd25df8fec9b84f7746499b399		copy	run-evidence		
spec/Trace.tla	spec/Trace.tla	file	0664	1778765378724318782	10182	adde87193b59e840c55a391504ae6f8f5f3aa124539e385a1b53868c26843595		copy	run-evidence		
spec/base.cfg	spec/base.cfg	file	0664	1778765378724318782	108	1e26ffc9f7ae49b3859a9578de7712f2ad5885e681ee6a1550ad0770ad594151		copy	run-evidence		
spec/base.tla	spec/base.tla	file	0664	1778765378724318782	39562	955bc5370337a87a11569bb961640c56b3251b92eba8f5e98205ff6cb308dee6		copy	run-evidence		
spec/bug-report.md	spec/bug-report.md	file	0664	1778765378724318782	6855	c1530efd31b224218d7c02040cdaf37b1c00e1e1f0dadaf56a7f1e78e74d85c3		copy	run-evidence		
spec/changelog.md	spec/changelog.md	file	0664	1778765378724318782	3629	a29b4bd999d8be9b1a36ca2f29fa226335e9a7f815da51d63b00760c152db4af		copy	run-evidence		
spec/confirmed-bugs.md	spec/confirmed-bugs.md	file	0664	1778765378725318801	13519	5a98f06f1a4d91d609a0900113e98bead801cc73711c60001255c4f31e9366d8		copy	run-evidence		
spec/hs_err_pid445878.log	spec/hs_err_pid445878.log	file	0664	1775645958972923392	122136	88105d75cc7316434a3c15491749f224dcf7f4309a7a2d506c664e93828c421a		copy	run-evidence		
spec/instrumentation-spec.md	spec/instrumentation-spec.md	file	0664	1778765378725318801	12660	dce388c36f1bb5513b03d34ab46359c896683d0508cb897b7500ca435bcfcf79		copy	run-evidence		
spec/nohup.out	spec/nohup.out	file	0664	1775645958972923392	43242	685957c8a23fcb61727160931225552605df1dbdfbd19731ea86935aa5be5bb3		copy	run-evidence		
spec/output	spec/output	directory	0775	1775478937678230607				mkdir	run-directory		
spec/output/MC_bfs_30min.out	spec/output/MC_bfs_30min.out	file	0664	1775478427446262341	7600	5d32ea6e34cca9a260d7104ba0e4687d249e20d79815e960ed48b7d580977d22		copy	run-evidence		
spec/output/hunt_family1_bfs.out	spec/output/hunt_family1_bfs.out	file	0664	1775478510879954329	9301	c61015982e59b355e44ba8f1668d0213f7e7cb919249ebcc718c382392bd27bf		copy	run-evidence		
spec/output/hunt_family1_bfs_v2.out	spec/output/hunt_family1_bfs_v2.out	file	0664	1775478939503265679	9334	15e5f7792252b948b8c04a360f25f23c2b3822323ba59c9dd035cc934ba85e36		copy	run-evidence		
spec/output/hunt_family2_bfs.out	spec/output/hunt_family2_bfs.out	file	0664	1775478510797952658	7801	46db896643f2d09831720437a63284d240df4e6373b3c13ebab4ea83fc9e2058		copy	run-evidence		
spec/output/hunt_family2_bfs_v2.out	spec/output/hunt_family2_bfs_v2.out	file	0664	1775478940286280727	9328	2ececeeb4ecd1e7cd77d8193f01649954c1357ff0a904d34ec23855161821de5		copy	run-evidence		
spec/output/hunt_family3_bfs.out	spec/output/hunt_family3_bfs.out	file	0664	1775478539073503850	17179	3326b538cda3fb91bfca17c9c5ebbd938606502203ab4d070f7234b2bd830edd		copy	run-evidence		
spec/output/hunt_family4_bfs.out	spec/output/hunt_family4_bfs.out	file	0664	1775478938676249786	6506	b2897bf879259637fb2aa407210fbfe3aa8f49a70103161469875cbbcb3f475d		copy	run-evidence		
spec/output/hunt_family5_bfs.out	spec/output/hunt_family5_bfs.out	file	0664	1775478941687307651	12519	cdfea0bdecd5855adf1845d62dde0cbc8f8346bf2b78ca79f699b91847168c67		copy	run-evidence		
traces	traces	directory	0775	1775475934036811335				mkdir	run-directory		
traces/ConfigStandbySocAgentRestart.ndjson	traces/ConfigStandbySocAgentRestart.ndjson	file	0664	1775475934097812470	2763	e9ce8354c6c2778b8753503ae569b9ff037fc1cbfe2fec5aa4900009cd886162		copy	run-evidence		
traces/LinkmgrdBootupSequenceHeartBeatFirst.ndjson	traces/LinkmgrdBootupSequenceHeartBeatFirst.ndjson	file	0664	1775475934098812489	2505	e172ce30661b4f10fedbac4faf69eb73ff1fedc6ccfaea2c9d5e2c4484e1452a		copy	run-evidence		
traces/MuxActivDefaultRouteFlap.ndjson	traces/MuxActivDefaultRouteFlap.ndjson	file	0664	1775475934098812489	3033	e9f7bedf95b2d554560a573efee575adc9a27854a9c5f3d700cf2fe6b24e4df4		copy	run-evidence		
traces/MuxActivDefaultRouteState.ndjson	traces/MuxActivDefaultRouteState.ndjson	file	0664	1775475934098812489	1885	9d306e4f0ea702b3d255b705e0180f2c3128519b0979eb539e88c084bea93ef7		copy	run-evidence		
traces/MuxActive.ndjson	traces/MuxActive.ndjson	file	0664	1775475934098812489	1373	b7ebe496299251db4cbb9f2013d7af7f206e8004b1a4ad38e981d8ab3e4bde38		copy	run-evidence		
traces/MuxActiveConfigDetachedLinkProberPeerUnknown.ndjson	traces/MuxActiveConfigDetachedLinkProberPeerUnknown.ndjson	file	0664	1775475934098812489	2433	45dd0e59788d95e982aecf5e573c4db9076b520d553c0ccb5793da901a425da2		copy	run-evidence		
traces/MuxActiveConfigStandby.ndjson	traces/MuxActiveConfigStandby.ndjson	file	0664	1775475934098812489	2763	aeaae30a77a205d11c473516579a6ead98b48dd432e95bedea58dda85f24cc15		copy	run-evidence		
traces/MuxActiveLinkDown.ndjson	traces/MuxActiveLinkDown.ndjson	file	0664	1775475934099812507	3764	80d868409ec4fe3ef34a42403e0298e2c98f3bdad18867a0c1736c4769501867		copy	run-evidence		
traces/MuxActiveLinkProberPeerActive.ndjson	traces/MuxActiveLinkProberPeerActive.ndjson	file	0664	1775475934099812507	1819	ec3a15f9f72df4775462c85dacbc46f7ce322a72d87b9750d4c48ef45cefbd43		copy	run-evidence		
traces/MuxActiveLinkProberPeerUnknown.ndjson	traces/MuxActiveLinkProberPeerUnknown.ndjson	file	0664	1775475934099812507	2415	1a5628502e5ab55b830dcb0b83438acd574738c160a7e41fd342bd658a213a8a		copy	run-evidence		
traces/MuxActiveLinkProberUnknown.ndjson	traces/MuxActiveLinkProberUnknown.ndjson	file	0664	1775475934099812507	2911	8fd2887a8cb67cb7963a68d3cdb501b06e1eb1901e36df24d29bb5818720ce1b		copy	run-evidence		
traces/MuxStandby.ndjson	traces/MuxStandby.ndjson	file	0664	1775475934099812507	1381	a6f60dd03de7945dd9874b801edf7dc48e0fb16d994f1a40fd1f6a4f4d065d7c		copy	run-evidence		
traces/MuxStandbyLinkDown.ndjson	traces/MuxStandbyLinkDown.ndjson	file	0664	1775475934100812526	2237	151195349142d931e67ae056197c3694713458c0d6d4eff81610dc6e2e18ea90		copy	run-evidence		
traces/MuxStandbyLinkProberPeerActive.ndjson	traces/MuxStandbyLinkProberPeerActive.ndjson	file	0664	1775475934100812526	1829	74051d8dbac841161b00a3e39c85c2619e4c857d7c74dc2c4eab5e7efe36d2c7		copy	run-evidence		
traces/preprocess.py	traces/preprocess.py	file	0664	1775475921106570545	5452	0e1224d06756c56bac0a6ed4c08e5ec8322cb8a27e44f6b7c22565747de4ab18		copy	run-evidence		
